{
  "data_quality": {
    "basic_stats": {
      "total_rows": 13268,
      "total_columns": 115,
      "memory_usage_mb": 14.870769500732422
    },
    "missing_data": {
      "total_missing": "1156131",
      "missing_percentage": 75.77112634517832,
      "columns_above_threshold": {
        "ai03": 97.70877298763943,
        "ai04": 97.70877298763943,
        "ai05": 95.82454024721133,
        "ai06": 95.82454024721133,
        "ai07": 95.82454024721133,
        "ai08": 97.82936388302683,
        "ai09": 98.1685257763039,
        "ai10": 97.59571902321375,
        "ai11": 96.98522761531504,
        "ai12": 96.90232137473622,
        "ai13": 96.64606572203799,
        "ai14": 96.90232137473622,
        "ai15": 97.83690081398855,
        "ai16": 98.91468194151342,
        "ai17": 97.85197467591196,
        "ai18": 95.82454024721133,
        "ai19": 99.05034669882424,
        "ai20": 95.82454024721133,
        "ai21": 95.82454024721133,
        "ai22": 96.90232137473622,
        "ai23": 96.97015375339161,
        "ai24": 98.04793488091649,
        "ai26": 97.01537533916189,
        "ai27": 97.71630991860114,
        "ai28": 97.70123605667771,
        "ai29": 97.91227012360567,
        "ai30": 97.72384684956286,
        "ai31": 97.79167922821827,
        "ai32": 97.71630991860114,
        "ai33": 98.74886946035575,
        "ai34": 97.70123605667771,
        "ai35": 97.91227012360567,
        "ai36": 97.70123605667771,
        "am01": 93.14892975580344,
        "am02": 93.0660235152246,
        "am03": 95.990352728369,
        "dm03": 95.87729876394332,
        "dm04": 94.51311425987338,
        "dm14": 90.11154657823334,
        "dm16": 95.04069942719325,
        "oi16": 91.58124811576725,
        "oi16a": 94.00060295447695,
        "oi17": 93.83479047331926,
        "oi18": 92.7042508290624,
        "oi20a": 93.57853482062104
      },
      "most_missing": {
        "ai19": 99.05034669882424,
        "ai16": 98.91468194151342,
        "ai33": 98.74886946035575,
        "ai09": 98.1685257763039,
        "ai24": 98.04793488091649,
        "ai29": 97.91227012360567,
        "ai35": 97.91227012360567,
        "ai17": 97.85197467591196,
        "ai15": 97.83690081398855,
        "ai08": 97.82936388302683
      }
    },
    "data_types": {
      "numeric_columns": 110,
      "categorical_columns": 5,
      "datetime_columns": 0
    },
    "temporal_coverage": {
      "start_year": 1960,
      "end_year": 2021,
      "total_years": 62,
      "year_completeness": {
        "1960": 214,
        "1961": 214,
        "1962": 214,
        "1963": 214,
        "1964": 214,
        "1965": 214,
        "1966": 214,
        "1967": 214,
        "1968": 214,
        "1969": 214,
        "1970": 214,
        "1971": 214,
        "1972": 214,
        "1973": 214,
        "1974": 214,
        "1975": 214,
        "1976": 214,
        "1977": 214,
        "1978": 214,
        "1979": 214,
        "1980": 214,
        "1981": 214,
        "1982": 214,
        "1983": 214,
        "1984": 214,
        "1985": 214,
        "1986": 214,
        "1987": 214,
        "1988": 214,
        "1989": 214,
        "1990": 214,
        "1991": 214,
        "1992": 214,
        "1993": 214,
        "1994": 214,
        "1995": 214,
        "1996": 214,
        "1997": 214,
        "1998": 214,
        "1999": 214,
        "2000": 214,
        "2001": 214,
        "2002": 214,
        "2003": 214,
        "2004": 214,
        "2005": 214,
        "2006": 214,
        "2007": 214,
        "2008": 214,
        "2009": 214,
        "2010": 214,
        "2011": 214,
        "2012": 214,
        "2013": 214,
        "2014": 214,
        "2015": 214,
        "2016": 214,
        "2017": 214,
        "2018": 214,
        "2019": 214,
        "2020": 214,
        "2021": 214
      }
    },
    "geographical_coverage": {
      "total_countries": 214,
      "countries_by_region": {
        "East Asia & Pacific": 35,
        "Europe & Central Asia": 58,
        "Latin America & Caribbean": 41,
        "Middle East & North Africa": 21,
        "North America": 3,
        "South Asia": 8,
        "Sub-Saharan Africa": 48
      },
      "countries_by_income": {
        "High income": 79,
        "Low income": 27,
        "Lower middle income": 54,
        "Upper middle income": 54
      }
    },
    "indicator_completeness": {
      "access": {
        "available_indicators": 39,
        "total_indicators": 39,
        "average_completeness": 4.108400392693423
      },
      "depth": {
        "available_indicators": 30,
        "total_indicators": 30,
        "average_completeness": 28.089136770173862
      },
      "efficiency": {
        "available_indicators": 11,
        "total_indicators": 11,
        "average_completeness": 25.81124784169703
      },
      "stability": {
        "available_indicators": 8,
        "total_indicators": 8,
        "average_completeness": 25.47765299969853
      },
      "other": {
        "available_indicators": 20,
        "total_indicators": 24,
        "average_completeness": 29.807054567380163
      }
    }
  },
  "cleaning": {
    "original_shape": [
      13268,
      115
    ],
    "final_shape": [
      13268,
      71
    ],
    "dropped_columns": 45,
    "removed_duplicates": 0
  },
  "imputation": {
    "method": "knn",
    "original_missing": "580761",
    "remaining_missing": "0",
    "imputation_rate": 100.0
  },
  "scaling": {
    "method": "robust",
    "features_scaled": 128,
    "scaler_params": {
      "copy": true,
      "quantile_range": [
        25.0,
        75.0
      ],
      "unit_variance": false,
      "with_centering": true,
      "with_scaling": true
    }
  }
}